Title,2024-12-08,2024-12-09,2024-12-10,2024-12-11,2024-12-12,2024-12-13,2024-12-14,2024-12-15
"United Kingdom",20333,22121,21368,21343,21474,20278,17900,19279
"Germany",12366,14143,13890,14006,13786,13065,11546,11948
"France",12258,12565,12094,11862,12154,13616,10870,11135
"Dog",6260,7207,7542,6847,7166,7132,5458,5534
"ISBN (identifier)",6123,6213,6576,6449,6266,5855,5833,5995
"Cane Corso",4671,4185,4093,3931,4054,3929,4351,4628
"Great Britain",3127,4056,3735,3872,4003,3598,2802,3127
"Dachshund",3313,2967,2829,2868,2748,2949,3087,3574
"Eugenics",2923,3225,2982,2998,3039,2972,3238,2952
"Rottweiler",2670,2716,3507,2829,2719,2470,2632,2646
"German Shepherd",2903,2626,2602,2540,2483,2559,2601,2722
"Labrador Retriever",2773,2350,2400,2338,2299,2322,2521,2655
"Golden Retriever",2529,2146,2071,2096,2124,2176,2830,2580
"Doi (identifier)",1836,1953,1984,2254,2053,1945,2222,2145
"Shiba Inu",2259,1959,1812,1813,1869,1898,2072,2030
"Dobermann",2118,1858,1819,1779,1922,1796,2031,2083
"Shih Tzu",2038,1921,2029,1813,1709,1759,1921,1884
"Bernese Mountain Dog",2316,1807,1726,1842,1805,1589,1937,2048
"American Bully",1577,1481,1546,1471,2249,1788,2118,2639
"Pomeranian dog",1922,1861,1794,1671,1717,1769,1976,2093
"Australian Cattle Dog",2142,1767,1746,1682,1614,1450,1796,1846
"Kangal Shepherd Dog",1609,1395,1450,1478,1321,1579,2515,2403
"Dingo",1853,1719,1530,1601,1659,1692,1737,1804
"Border Collie",1798,1563,1805,1748,1484,1586,1669,1758
"Beagle",1762,1565,1525,1468,1474,1596,1618,1768
"French Bulldog",1689,1502,1370,1254,1698,1840,1491,1615
"Poodle",1707,1442,1424,1328,1449,1468,1649,1954
"Alaskan Klee Kai",689,704,889,1558,3940,2300,1171,983
"Dogo Argentino",2100,1613,1490,1592,1393,1246,1337,1222
"Jack Russell Terrier",1576,1426,1446,1471,1455,1420,1530,1620
"Beauceron",491,377,356,2278,2879,2432,1766,1305
"Australian Shepherd",1800,1478,1408,1359,1250,1352,1464,1538
"American Pit Bull Terrier",1620,1424,1455,1322,1386,1385,1375,1539
"Staffordshire Bull Terrier",1633,1490,1352,1330,1362,1374,1431,1524
"List of cat breeds",1483,1588,1406,1421,1380,1410,1370,1385
"Alaskan Malamute",1373,1151,1228,1230,1319,1498,1502,1874
"Belgian Shepherd",1621,1360,1343,1246,1312,1337,1453,1376
"Chow Chow",1308,1193,1543,1250,1206,1484,1503,1447
"Pug",1360,1332,1350,1283,1315,1242,1471,1433
"Great Dane",1432,1121,1279,1140,1435,1358,1423,1400
"Bulldog",1574,1331,1280,1152,1257,1250,1340,1306
"Rhodesian Ridgeback",1440,1130,1148,1218,1222,1277,1440,1426
"Weimaraner",1424,1202,1466,1109,1157,1162,1416,1349
"Samoyed dog",1522,1236,1204,1079,1061,1173,1331,1553
"Siberian Husky",1281,1237,1216,1163,1136,1461,1270,1361
"Vizsla",1477,1046,1148,1168,1114,1563,1291,1303
"Bull Terrier",1477,1024,1018,1009,1051,1000,1177,1257
"Maltese dog",1202,1086,1114,1005,1096,1024,1110,1186
"Yorkshire Terrier",1260,1074,1077,1019,1100,1078,1093,1094
"Catahoula Leopard Dog",1146,1004,996,1156,1014,1028,1168,1100
"Newfoundland dog",1301,1053,997,1033,996,1055,1110,1004
"Cavalier King Charles Spaniel",1164,987,936,955,916,1063,1206,1273
"Pyrenean Mountain Dog",1272,1097,958,986,1029,853,1030,1066
"Greyhound",1511,843,1370,1056,846,843,893,900
"Irish Wolfhound",1094,992,1017,884,953,911,1197,1138
"Borzoi",973,821,870,969,1039,995,1204,1148
"PMID (identifier)",874,949,965,1024,904,1005,1107,1114
"Inbreeding",898,902,1029,1098,1156,964,911,936
"American Staffordshire Terrier",978,900,909,907,863,899,970,1042
"Caucasian Shepherd Dog",1099,1000,977,870,841,785,810,892
"Schnauzer",1015,919,820,826,846,818,883,1013
"Havanese dog",1032,881,781,819,886,832,882,975
"Basenji",1156,861,835,827,782,842,882,878
"Boerboel",976,753,759,751,825,794,1184,1014
"List of individual dogs",1022,1068,813,842,738,901,721,855
"Bichon Frisé",1027,900,799,791,843,781,860,930
"Dog meat",818,838,720,845,866,882,865,922
"ISSN (identifier)",797,803,775,881,913,872,820,886
"S2CID (identifier)",809,783,892,824,889,785,914,834
"Hybrid (biology)",733,750,733,823,932,921,835,968
"Presa Canario",963,858,801,856,708,829,751,888
"Xoloitzcuintle",1041,874,824,712,774,693,866,861
"Saluki",938,694,799,740,778,742,916,957
"Tibetan Mastiff",891,830,741,713,813,763,863,931
"Bloodhound",967,783,769,825,826,748,761,862
"Natural selection",657,834,894,880,957,879,660,675
"English Mastiff",869,750,708,734,720,780,916,890
"Domestication of the dog",897,773,802,780,810,746,751,785
"Central Asian Shepherd Dog",808,697,707,1019,934,683,747,738
"Lhasa Apso",852,712,700,670,811,805,827,767
"Australian Kelpie",888,709,761,704,642,708,784,873
"Boston Terrier",908,731,674,667,686,724,798,835
"Husky",713,711,761,667,706,788,737,845
"Basset Hound",968,671,650,723,708,658,712,785
"Dog breed",741,673,729,746,731,795,653,755
"Whippet",811,627,685,637,634,617,736,761
"Mastiff",752,634,664,615,745,663,642,759
"Black Mouth Cur",836,643,651,650,660,581,737,714
"Spitz",743,637,644,615,672,670,727,737
"List of horse breeds",661,704,620,661,645,791,693,664
"Miniature Schnauzer",807,666,619,626,605,591,733,781
"American Bulldog",762,748,816,536,616,571,649,729
"German Shorthaired Pointer",787,649,636,601,648,643,709,743
"Pekingese",806,657,638,611,622,629,711,699
"Shar Pei",710,658,683,553,640,666,619,750
"Mongrel",686,678,652,580,634,646,677,697
"Cairn Terrier",909,651,570,518,561,535,662,659
"Sighthound",1079,456,485,475,581,559,680,611
"West Highland White Terrier",757,548,619,518,508,542,628,630
"Airedale Terrier",692,595,570,515,566,502,657,630
"Miniature Pinscher",712,567,583,574,540,482,652,612
"Leonberger",625,548,544,602,514,567,650,662
"Domesticated silver fox",378,317,395,974,1297,505,408,407
"English Cocker Spaniel",651,554,511,537,497,590,639,642
"Africanis",218,196,384,1213,1006,667,495,424
"Pembroke Welsh Corgi",597,552,518,523,577,646,545,641
"Phenotype",503,583,578,585,636,540,512,508
"Bullmastiff",620,568,497,489,478,537,612,633
"English Springer Spaniel",592,531,518,542,464,502,565,677
"Carolina Dog",668,578,524,499,543,481,484,591
"Papillon dog",550,497,486,476,525,574,567,624
"Afghan Hound",598,491,508,497,493,488,589,632
"Terrier",622,492,517,487,565,482,568,560
"Rat Terrier",628,504,492,482,498,504,536,621
"Police dog",544,545,587,563,484,533,449,530
"Shetland Sheepdog",631,458,477,472,452,546,578,576
"Lagotto Romagnolo",585,500,493,494,458,472,566,581
"Scottish Terrier",629,438,452,479,490,442,560,581
"Landrace",467,399,533,551,522,550,495,475
"Italian Greyhound",544,432,423,429,375,485,575,634
"List of longest-living dogs",558,436,380,481,480,496,534,523
"Giant Schnauzer",546,466,368,382,413,580,530,540
"Rough Collie",551,419,379,436,425,500,598,515
"New Guinea singing dog",443,362,339,403,413,484,713,562
"Collie",521,381,454,427,371,435,577,518
"Lurcher",436,432,384,458,439,472,529,526
"Hovawart",1103,986,507,279,202,181,176,196
"Indian pariah dog",485,359,391,468,468,448,487,448
"Dogue de Bordeaux",412,404,431,367,423,425,496,537
"Chinese Crested Dog",447,434,359,323,362,413,524,632
"Nova Scotia Duck Tolling Retriever",470,365,399,361,406,490,511,479
"Coton de Tulear",470,431,426,430,377,422,510,413
"Cultivar",480,449,432,414,399,432,413,445
"Canine reproduction",494,421,443,429,391,416,394,469
"Neapolitan Mastiff",453,350,349,339,360,549,435,507
"Keeshond",499,392,382,361,382,418,432,475
"Bully Kutta",425,374,425,435,368,343,479,451
"Irish Setter",498,365,356,372,408,402,418,472
"Dutch Shepherd",464,403,411,416,373,403,426,394
"Old English Bulldog",477,369,412,351,399,400,428,448
"Portuguese Water Dog",479,414,330,396,394,377,434,407
"Czechoslovakian Wolfdog",401,376,376,329,342,382,511,499
"Old English Sheepdog",521,380,339,361,334,416,437,428
"German Spitz",440,369,395,358,374,387,432,413
"List of chicken breeds",292,328,908,479,283,289,308,267
"Šarplaninac",436,398,374,364,387,357,379,397
"Patterdale Terrier",565,290,299,381,379,372,364,427
"King Charles Spaniel",449,362,363,317,339,356,413,461
"Schipperke",431,394,342,316,385,364,368,396
"Maremmano-Abruzzese Sheepdog",399,315,353,329,346,382,401,464
"Border Terrier",450,358,303,354,341,322,399,417
"PMC (identifier)",345,331,339,368,333,359,422,402
"Flat-coated Retriever",380,361,297,329,341,313,432,409
"American Eskimo Dog",407,327,337,323,404,351,334,329
"Bichon",352,348,342,311,308,322,385,410
"Silken Windhound",270,212,204,263,472,412,547,391
"Sled dog",357,328,375,300,311,382,331,339
"Pointer (dog breed)",376,308,318,323,339,291,385,375
"Dominance (genetics)",323,377,346,364,339,366,296,290
"Dogs in warfare",356,367,325,308,336,351,303,354
"Selective breeding",322,366,374,393,398,298,251,282
"List of cattle breeds",330,377,377,326,329,327,297,289
"Hound",335,298,273,324,416,335,336,323
"Human–canine bond",429,321,288,308,326,307,310,295
"Genotype",230,317,294,302,347,369,443,280
"Bedlington Terrier",282,252,232,260,235,248,297,763
"Miniature American Shepherd",369,320,295,335,242,269,330,371
"Soft-coated Wheaten Terrier",349,268,280,254,284,256,367,469
"Parson Russell Terrier",353,325,232,283,307,267,374,367
"Soviet space dogs",504,323,199,223,288,276,308,347
"Livestock guardian dog",348,296,258,290,331,295,336,310
"Mountain Cur",362,317,305,300,286,256,317,317
"Komondor",380,325,272,301,254,268,329,328
"List of apple cultivars",336,349,271,433,242,252,306,267
"Spaniel",352,262,293,285,282,306,323,326
"Dog fighting",292,312,294,276,311,334,286,317
"Griffon Bruxellois",353,266,310,262,264,281,329,344
"Boykin Spaniel",389,317,297,227,250,257,339,310
"German Pinscher",347,277,274,269,290,296,303,327
"Gun dog",281,201,285,255,405,284,286,333
"Tibetan Terrier",393,291,273,267,300,259,271,272
"Herding dog",332,253,237,262,359,293,265,291
"Free-ranging dog",364,333,261,295,222,231,256,327
"Japanese Spitz",281,248,285,264,291,252,345,323
"Kokoni",303,263,265,257,314,256,314,295
"List of duck breeds",253,381,298,254,239,254,268,298
"Affenpinscher",323,300,251,250,249,272,278,317
"List of grape varieties",291,283,242,316,258,292,273,279
"Plott Hound",332,319,280,287,269,226,272,247
"Wire Fox Terrier",325,276,251,223,218,259,295,372
"Aging in dogs",299,263,255,223,244,282,292,315
"Korean Jindo",298,258,269,271,241,273,299,252
"Bouvier des Flandres",317,263,240,240,239,272,278,300
"Scottish Deerhound",331,249,225,256,264,229,302,291
"Toy dog",289,229,275,262,281,238,261,293
"Bluetick Coonhound",270,284,272,255,267,241,265,264
"Pinscher",304,234,252,249,287,229,254,264
"Sheep dog",285,241,236,258,215,287,291,251
"American Cocker Spaniel",274,254,255,232,246,242,297,253
"Cur",293,222,235,226,260,228,254,327
"Bull and terrier",242,239,261,236,228,244,254,320
"Akita (dog)",324,276,305,188,186,312,206,211
"Biewer Terrier",282,261,241,239,237,256,239,244
"List of dog crossbreeds",278,271,247,271,234,207,209,262
"English Setter",284,236,236,215,245,236,263,261
"Rage syndrome",290,232,174,257,293,256,231,239
"Canadian Eskimo Dog",247,236,249,223,229,281,237,263
"Chesapeake Bay Retriever",291,221,240,223,263,216,273,220
"Desmond Morris",155,198,457,288,220,189,205,224
"Kooikerhondje",287,380,229,249,185,178,222,198
"Olde English Bulldogge",247,223,209,216,236,239,266,281
"Puli dog",249,254,206,205,220,280,270,227
"St. John's water dog",238,224,234,212,235,227,281,255
"Treeing Walker Coonhound",231,253,231,242,250,217,230,247
"Norwegian Elkhound",273,220,197,176,241,250,275,265
"Aksaray Malaklisi",138,166,166,353,469,198,196,208
"Hunting dog",215,218,220,240,251,236,288,225
"Akbash",205,204,224,243,290,232,218,266
"Chihuahua (dog)",289,225,263,212,202,236,231,224
"Coonhound",268,243,177,215,248,220,262,239
"List of rabbit breeds",243,251,217,251,234,245,230,192
"White Shepherd",243,229,213,243,235,216,205,211
"Fila Brasileiro",225,236,214,218,231,205,235,219
"Bark (sound)",224,201,209,186,218,263,236,245
"Redbone Coonhound",239,222,186,217,228,190,250,221
"List of dog diseases",198,202,214,218,230,229,243,213
"Blue Lacy",261,213,207,209,205,187,229,225
"Canaan Dog",214,195,213,236,206,206,255,210
"Genomics",155,227,353,261,230,197,150,160
"St. Bernard (dog)",229,222,193,186,244,205,221,227
"Clumber Spaniel",285,185,182,200,217,185,202,266
"List of coffee varieties",198,219,195,210,230,189,257,223
"Pharaoh Hound",205,222,192,186,203,227,231,254
"Bullenbeisser",175,129,183,128,627,143,166,159
"Retriever",254,199,210,170,204,181,285,201
"German Wirehaired Pointer",249,219,213,188,202,195,202,228
"Tamaskan Dog",247,166,247,195,184,251,206,192
"White Swiss Shepherd Dog",234,232,211,202,192,205,193,217
"Cardigan Welsh Corgi",219,204,216,240,206,188,187,223
"Karelian Bear Dog",237,189,197,195,201,181,218,263
"Greenland Dog",213,189,197,179,175,253,204,261
"Heterosis",179,231,175,252,232,221,154,221
"Koolie",183,203,208,178,204,199,235,228
"Black Russian Terrier",224,203,178,200,164,223,218,226
"List of sheep breeds",237,195,214,193,209,186,225,176
"List of banana cultivars",212,207,214,225,191,181,206,197
"Rajapalayam dog",238,211,197,165,203,197,196,223
"Companion dog",215,197,215,187,180,223,189,216
"Greater Swiss Mountain Dog",245,165,182,229,194,199,191,208
"Nureongi",209,182,184,180,214,201,212,230
"Alaunt",233,184,171,189,160,191,231,247
"List of pear cultivars",72,61,28,1096,173,55,51,66
"Jagdterrier",204,191,181,172,170,275,206,201
"Córdoba fighting dog",255,162,176,148,324,163,184,179
"List of extinct dog breeds",226,191,192,178,204,183,189,200
"Dandie Dinmont Terrier",262,156,154,144,171,185,214,274
"Plant breeding",146,210,234,190,228,197,169,183
"Finnish Lapphund",211,157,170,183,187,176,220,250
"Calupoh",280,201,166,182,150,159,188,218
"Bracco Italiano",228,162,180,193,177,160,194,242
"Garden roses",165,189,201,188,174,186,216,206
"Feist (dog breed)",194,161,152,186,192,205,208,217
"Huntaway",197,145,151,183,197,201,209,223
"American Foxhound",219,185,155,180,179,204,188,190
"Turnspit dog",234,172,182,156,160,177,208,208
"Irish Terrier",253,181,179,152,139,178,174,197
"List of goat breeds",176,201,178,184,185,184,181,163
"Epistasis",145,216,182,235,193,177,148,147
"Inbreeding depression",172,160,166,197,194,186,157,195
"Guard dog",163,166,162,224,184,174,171,176
"Dog training",227,132,176,241,109,155,246,125
"Tweed Water Spaniel",171,195,147,134,159,153,242,202
"Swedish Vallhund",171,175,173,201,139,157,175,207
"Foxhound",188,177,143,142,166,175,173,218
"Rabies in animals",159,197,157,148,187,174,161,195
"Glen of Imaal Terrier",225,169,168,145,160,144,206,160
"Mudhol Hound",174,163,185,161,177,143,198,170
"Peruvian Hairless Dog",189,175,186,158,159,144,166,186
"Thai Ridgeback",192,177,149,146,154,165,196,184
"List of Capsicum cultivars",176,178,152,173,161,140,204,178
"Standard Schnauzer",187,181,138,141,161,169,184,197
"Indian Spitz",188,152,187,146,176,159,169,180
"Scent hound",198,149,142,167,205,147,154,192
"Skye Terrier",230,152,144,147,157,151,175,163
"Cannabis strain",144,149,162,182,153,184,171,163
"Dog crossbreed",158,142,173,152,154,152,168,209
"Miniature Bull Terrier",178,163,165,145,138,153,183,183
"Boxer (dog)",161,181,135,144,165,192,143,185
"Pudelpointer",199,199,125,122,95,100,158,294
"Bolognese dog",167,135,147,123,140,204,196,179
"Karakachan dog",180,151,146,137,180,161,173,163
"Cat–dog relationship",154,162,128,139,182,185,173,166
"Saarloos wolfdog",187,156,127,127,176,169,161,183
"Dog food",163,166,164,164,184,156,130,156
"Laika (dog type)",174,145,132,119,138,144,223,199
"Wirehaired Pointing Griffon",189,157,188,132,145,146,151,161
"Dog intelligence",154,157,160,147,165,170,161,150
"Pointing dog",162,140,130,173,180,147,149,175
"Lap dog",174,149,143,169,139,147,147,183
"Laconian (dog)",403,188,161,137,85,82,100,94
"Salish Wool Dog",121,149,151,106,239,207,136,137
"Otterhound",192,125,122,118,149,130,183,226
"Australian Silky Terrier",166,155,147,124,167,161,151,167
"Fédération Cynologique Internationale",161,135,143,146,185,140,149,178
"Kuvasz",170,134,131,121,119,140,200,217
"McNab dog",154,155,156,128,129,151,175,184
"Briard",160,161,120,146,157,152,188,144
"Manchester Terrier",167,142,122,153,160,123,187,171
"Spinone Italiano",174,143,107,133,143,154,168,203
"Dog breeding",153,161,153,138,149,146,149,173
"List of mango cultivars",154,140,154,181,167,123,141,162
"Fuegian dog",151,118,141,207,164,160,139,141
"Bearded Collie",178,142,144,126,140,159,152,177
"List of rice cultivars",127,135,163,142,180,172,152,145
"Dog type",160,107,135,145,193,167,149,154
"Dog anatomy",152,151,151,170,176,119,138,151
"Norfolk Terrier",170,137,129,116,163,142,176,170
"Culling",136,157,150,147,171,151,135,150
"Azawakh",155,114,155,148,137,127,175,174
"Lancashire Heeler",145,136,125,140,156,188,158,137
"Welsh Terrier",219,144,129,101,127,153,150,162
"Neontology",168,141,138,147,141,126,142,177
"Therapy dog",144,152,116,217,159,153,119,120
"Dog communication",177,127,134,172,139,120,134,166
"List of pig breeds",125,175,163,149,126,164,141,124
"Sloughi",148,112,134,161,134,130,185,160
"Ibizan Hound",154,133,124,120,139,136,169,168
"Black and Tan Coonhound",151,141,122,133,159,115,149,158
"List of pigeon breeds",173,135,156,123,131,121,136,152
"Bull Arab",140,118,136,114,130,156,157,156
"English Shepherd",149,155,127,135,138,120,143,138
"Guide dog",107,137,173,190,133,131,121,112
"Norwich Terrier",198,157,146,95,110,108,141,149
"Eurasier",144,142,123,111,135,146,147,154
"Sakhalin Husky",172,139,143,113,117,122,114,180
"Alapaha Blue Blood Bulldog",142,128,126,108,128,164,158,135
"Himalayan Sheepdog",122,126,135,124,118,131,165,164
"Pungsan dog",165,107,75,139,129,172,147,149
"Finnish Spitz",144,107,118,128,131,164,151,133
"Japanese Chin",173,115,104,130,113,128,156,151
"Chippiparai",138,117,144,123,136,104,170,132
"Water dog",177,118,123,91,132,120,149,142
"Galgo Español",152,106,107,120,119,115,203,126
"Smooth Collie",147,108,125,120,112,122,165,148
"Welsh Springer Spaniel",161,127,123,123,106,134,139,128
"Entlebucher Mountain Dog",140,106,122,119,105,137,146,158
"Cynophobia",152,111,120,135,142,133,125,113
"Portuguese Podengo",156,112,104,118,119,112,145,160
"Tahitian Dog",29,476,194,98,75,49,44,58
"Toy Bulldog",134,113,125,103,129,118,146,148
"Dog behavior",130,125,124,126,110,136,124,136
"Gordon Setter",159,103,124,102,98,118,162,143
"Breed",100,126,137,128,121,149,107,133
"Pye-dog",114,82,107,180,137,142,133,105
"Breed-specific legislation",127,112,147,103,100,122,135,150
"Sealyham Terrier",158,105,128,100,114,130,128,133
"Hawaiian Poi Dog",147,122,107,122,139,112,123,122
"Kurī",78,80,90,78,424,78,84,82
"African village dog",166,54,97,153,146,149,123,97
"F1 hybrid",123,124,119,111,147,125,103,123
"Kombai dog",124,143,104,110,110,101,116,166
"Australian Stumpy Tail Cattle Dog",166,92,106,115,105,115,134,133
"Rafeiro do Alentejo",137,100,113,97,107,116,151,144
"Portal:Dogs",130,110,122,114,131,108,112,138
"Spanish Mastiff",112,109,105,112,101,151,138,131
"List of goose breeds",100,129,119,112,105,97,131,165
"Lakeland Terrier",136,83,107,112,108,109,133,159
"List of guinea pig breeds",101,113,122,128,122,122,111,126
"Detection dog",118,118,110,107,138,124,94,134
"Purebred",106,118,100,112,147,112,114,131
"Techichi",130,114,130,109,113,106,113,122
"Tibetan spaniel",134,106,85,89,94,135,149,144
"Greek Shepherd",123,139,92,106,130,114,110,115
"Pyrenean Mastiff",123,117,84,88,106,128,135,139
"Kerry Blue Terrier",123,101,107,102,105,104,144,128
"Bergamasco Shepherd",158,100,96,100,91,124,119,123
"Appenzeller Sennenhund",124,116,87,114,90,97,147,133
"Howling",120,98,111,104,111,103,118,135
"Smooth Fox Terrier",134,103,95,105,78,91,143,150
"Welsh Sheepdog",144,86,91,115,119,101,123,117
"Dalmatian (dog)",104,118,106,99,106,116,116,126
"Bavarian Mountain Hound",129,129,99,107,120,88,102,115
"Alano Español",107,86,112,108,96,124,129,125
"Attack dog",125,105,92,112,129,116,116,91
"Dog coat",120,127,96,111,87,118,102,117
"Ca de Bou",119,98,108,94,83,101,132,138
"Irish Water Spaniel",129,91,88,101,79,103,160,121
"Icelandic Sheepdog",113,121,97,97,98,95,138,109
"List of most popular dog breeds in the United States",92,144,116,120,106,100,96,92
"English Foxhound",124,97,104,106,105,104,100,116
"Bakharwal dog",127,118,99,88,112,91,108,107
"Bulldog type",117,100,105,101,86,90,137,110
"Yakutian Laika",90,64,72,84,70,73,210,176
"Sex linkage",96,104,121,127,116,92,99,82
"Berger Picard",155,108,103,103,99,76,104,86
"Field Spaniel",120,93,96,79,96,97,139,112
"East European Shepherd",125,104,99,91,100,98,111,101
"Podenco Canario",132,97,77,86,107,95,111,124
"Heirloom plant",94,99,97,95,130,88,97,127
"Kai Ken",90,120,103,99,85,103,125,98
"Molossus (dog)",110,104,95,89,92,116,111,104
"Petit Basset Griffon Vendéen",125,92,102,82,86,94,116,122
"Armenian Gampr",102,113,105,92,107,90,107,102
"English White Terrier",108,91,123,89,84,111,107,96
"American Water Spaniel",143,116,79,84,96,84,123,79
"American English Coonhound",111,97,109,91,99,92,90,113
"Assistance dog",91,103,123,118,87,113,87,77
"Stabyhoun",124,90,65,88,81,103,140,101
"Taiwan Dog",90,100,108,111,114,88,76,102
"Australian Terrier",110,95,87,83,87,92,113,118
"Gull Terrier",85,103,103,68,80,86,110,149
"List of fictional dogs",110,102,97,97,94,84,98,99
"Islamic Azad University",63,97,119,103,104,96,108,87
"Landseer dog",114,89,68,82,108,83,126,99
"Aidi",87,84,97,96,85,102,113,100
"Tosa (dog)",83,86,81,84,127,107,98,98
"Phu Quoc Ridgeback",89,91,64,80,98,107,109,120
"American Leopard Hound",98,84,74,107,90,84,107,110
"Horse breed",93,98,68,77,115,96,101,106
"Dogs in religion",85,81,97,106,113,84,94,92
"Setter",117,79,76,95,94,96,96,99
"Hmong bobtail dog",74,91,70,74,95,111,124,106
"Wirehaired Vizsla",95,72,75,82,82,104,116,118
"Spanish Water Dog",104,101,81,69,72,70,117,121
"Bankhar Dog",105,85,82,102,79,77,99,104
"Crossbreed",103,90,79,91,103,96,87,84
"Alpine Mastiff",108,95,87,73,89,85,92,103
"Kanni",89,97,85,86,96,64,111,102
"Pražský Krysařík",232,76,82,55,70,69,72,72
"Search and rescue dog",80,95,86,117,92,74,90,91
"Andalusian Terrier",89,97,77,74,112,80,87,104
"Basset Fauve de Bretagne",115,69,86,77,99,66,94,113
"Löwchen",94,90,62,74,103,89,105,100
"Hokkaido (dog)",96,102,69,91,90,75,111,80
"Volpino Italiano",106,79,78,80,87,79,104,99
"Carpathian Shepherd Dog",86,91,68,70,91,110,98,95
"Norwegian Lundehund",98,97,76,75,79,89,91,102
"Tugou",71,89,86,65,93,111,81,87
"Dog bite",71,69,87,95,85,96,88,89
"Small Münsterländer",94,79,85,96,74,54,104,91
"Large Münsterländer",113,88,65,69,80,77,95,88
"Pyrenean Sheepdog",112,75,71,75,75,72,99,96
"List of olive cultivars",72,66,83,71,92,108,103,76
"Dog grooming",72,72,74,93,72,92,67,124
"Toy Fox Terrier",85,104,67,70,71,85,96,87
"Black and Tan Terrier",64,82,92,76,76,86,98,88
"American Hairless Terrier",79,92,62,68,98,85,90,87
"Bruce Fogle",99,113,83,74,73,76,77,62
"Markiesje",69,60,37,58,40,63,97,231
"Polish Lowland Sheepdog",92,74,69,75,66,96,97,83
"Pumi dog",118,85,53,67,62,86,91,88
"Bucovina Shepherd Dog",74,86,84,66,82,93,76,86
"Shikoku dog",62,99,83,96,68,64,85,88
"Sarabi dog",87,84,67,77,80,99,80,67
"Cirneco dell'Etna",87,72,63,72,77,86,98,85
"Directional selection",99,100,78,88,82,65,66,61
"List of tomato cultivars",75,76,76,89,80,65,74,97
"Mudi",108,92,58,76,69,74,83,65
"Taigan",77,71,62,55,99,76,101,80
"Chukotka sled dog",82,62,57,61,69,96,85,103
"Animal breeding",83,82,61,60,81,72,67,103
"Backcrossing",55,79,78,69,102,61,74,86
"Bohemian Shepherd",84,66,51,71,64,74,94,91
"English Water Spaniel",80,61,64,60,80,73,96,75
"West Siberian Laika",91,69,66,54,75,80,74,73
"Miniature Fox Terrier",89,83,73,64,54,69,77,69
"Kurdish Mastiff",57,60,53,72,101,81,72,78
"Longdog",82,44,78,63,79,59,87,81
"Kishu",73,75,53,62,81,58,100,61
"Teddy Roosevelt Terrier",59,92,61,59,78,59,72,79
"Broholmer",69,75,74,56,56,65,92,70
"List of donkey breeds",68,79,71,56,63,71,72,76
"Kuchi dog",78,73,58,78,53,72,84,59
"Treeing Feist",72,75,58,56,59,59,98,78
"Tornjak",75,46,47,60,84,65,100,76
"Basque Shepherd Dog",74,62,78,63,96,48,63,68
"Nenets Herding Laika",98,55,80,57,52,59,68,80
"Toy Manchester Terrier",90,59,60,70,65,52,77,76
"Chongqing dog",55,71,66,74,60,79,70,71
"Lapponian Herder",73,58,61,73,65,64,65,86
"Abyssinian sand terrier",83,68,61,53,68,76,68,67
"List of cucumber varieties",28,23,20,39,38,296,73,27
"Mercy dog",83,78,47,70,86,48,58,72
"Dog health",81,65,58,66,67,56,82,64
"Captive breeding",79,74,67,67,75,67,51,58
"Georgian Shepherd",55,59,62,66,82,63,80,71
"Curly-coated Retriever",68,57,55,44,69,71,94,75
"Hairless dog",58,70,58,61,83,56,59,87
"Outbreeding depression",55,67,72,72,76,63,50,75
"Estrela Mountain Dog",82,56,56,52,58,74,76,75
"Chiribaya Dog",99,91,97,43,47,44,49,56
"Moscow Watchdog",61,54,56,75,68,63,66,74
"Gull Dong",69,69,61,47,62,57,70,81
"Phalène",55,73,72,63,54,62,59,76
"Belgian Mastiff",64,61,57,53,66,70,66,73
"Clicker training",64,74,58,67,63,53,59,72
"Austrian Pinscher",65,81,60,50,57,59,82,53
"List of water buffalo breeds",69,55,54,54,78,70,61,66
"Chinook (dog)",66,54,65,38,53,90,67,68
"South Russian Ovcharka",75,65,63,62,48,51,68,67
"Polish Greyhound",65,48,57,59,56,69,80,63
"Germline",62,67,70,56,70,54,56,57
"Irish Red and White Setter",66,57,44,49,77,58,77,61
"Dog odor",52,56,69,54,74,57,61,65
"New Zealand Heading Dog",73,57,34,50,80,68,63,63
"Rampur Greyhound",73,55,48,46,66,55,79,58
"Sussex Spaniel",68,64,46,54,45,65,78,60
"Dog show",79,49,62,54,77,56,47,54
"Barbet (dog)",60,56,52,49,69,53,72,64
"Talbot (dog)",40,46,57,131,46,63,35,54
"Carriage dog",83,57,51,56,50,43,50,79
"Kromfohrländer",50,55,79,69,39,52,61,59
"Stabilizing selection",61,89,61,65,60,52,38,36
"Danish–Swedish Farmdog",71,63,29,31,75,62,69,60
"Tahltan Bear Dog",51,45,77,38,50,59,62,78
"Polynesian Dog",75,62,65,43,60,59,49,46
"Grand Basset Griffon Vendéen",66,57,61,44,51,37,67,74
"List of hop varieties",51,63,60,53,58,67,57,47
"List of dog sports",61,49,58,57,51,59,55,64
"Tatra Shepherd Dog",56,48,60,50,53,59,67,59
"Pigeon keeping",51,55,68,39,58,66,56,56
"Mutation breeding",47,56,63,47,39,46,73,77
"Russian Spaniel",51,54,44,38,48,82,65,62
"German Longhaired Pointer",63,53,39,48,57,41,76,62
"Greek Harehound",85,51,50,48,55,53,58,39
"Thai Bangkaew Dog",68,56,51,49,50,48,62,52
"Treeing Tennessee Brindle",65,59,50,57,46,44,58,56
"Dogo Cubano",52,58,54,50,46,43,68,63
"Romanian Raven Shepherd Dog",61,60,59,35,51,60,65,42
"Alpine Dachsbracke",61,56,56,46,53,53,55,52
"Podenco Andaluz",56,49,43,47,40,60,64,71
"Tesem",68,44,44,59,49,61,40,57
"Gończy Polski",52,62,54,52,43,53,53,52
"Street dog",57,44,60,58,57,37,63,44
"Norwegian Buhund",59,48,43,45,41,59,56,68
"Chortai",50,47,50,38,63,39,71,58
"Alopekis",53,59,33,49,61,45,61,54
"Jämthund",47,58,39,56,46,66,51,49
"Argentine Pila",46,60,45,56,55,42,57,49
"Continental bulldog",51,50,46,41,43,46,63,69
"Dutch Smoushond",56,50,38,40,62,53,50,60
"Transylvanian Hound",54,55,50,45,48,34,62,58
"List of sweet potato cultivars",66,59,45,37,47,57,38,56
"Vaccination of dogs",38,37,56,55,62,49,53,54
"Argentine polar dog",62,53,44,36,51,48,57,49
"Cretan Hound",50,54,51,47,56,42,65,31
"English Toy Terrier (Black & Tan)",58,51,50,30,43,50,57,57
"Jonangi",45,50,51,47,43,43,61,56
"Romanian Mioritic Shepherd Dog",54,52,56,47,35,45,53,51
"German Spaniel",65,51,50,33,38,45,62,47
"Telomian",134,52,28,32,28,30,34,52
"Plummer Terrier",52,57,40,31,42,45,70,50
"Catalan Sheepdog",51,56,36,58,33,50,46,54
"Corsican Dog",46,40,50,50,38,51,63,45
"Sapsali",58,54,37,40,54,45,52,43
"Disruptive selection",34,74,42,50,70,42,32,37
"Serrano Bulldog",47,43,40,34,44,52,57,63
"Kazakh Tazy",44,50,48,46,52,32,55,48
"Catch dog",55,43,41,49,36,54,47,48
"Paisley Terrier",47,39,47,47,60,50,50,31
"Hare Indian Dog",44,44,46,42,48,50,43,50
"Barak hound",37,51,39,25,47,34,42,91
"Basset Bleu de Gascogne",50,41,42,38,53,39,50,52
"Beagle-Harrier",47,43,47,42,40,37,53,52
"Japanese Terrier",46,51,44,51,40,39,50,39
"Tang Dog",45,43,41,55,35,36,53,51
"Halls Heeler",58,39,47,57,38,37,41,40
"Braque Français",59,61,41,37,40,30,53,35
"Saint Miguel Cattle Dog",45,43,52,36,33,46,46,54
"Staghound",56,30,59,38,47,38,41,46
"Bouvier des Ardennes",52,38,40,45,42,37,49,51
"Bắc Hà dog",29,62,35,41,39,40,62,44
"Grand Bleu de Gascogne",52,41,36,37,34,52,50,49
"Harrier (dog)",48,35,57,48,40,42,39,41
"Banjara Hound",46,51,44,29,44,37,54,43
"Cesky Terrier",45,47,42,33,40,33,64,42
"Breed registry",34,49,39,35,47,41,46,53
"Carea Leonés",58,57,35,35,34,28,45,51
"Billy (dog)",48,48,43,47,45,33,43,35
"Smithfield (dog)",46,54,37,45,44,45,29,41
"Karst Shepherd",56,49,40,42,43,36,32,42
"Hanover Hound",47,46,25,50,45,41,39,45
"Moscow Water Dog",36,43,46,34,53,41,50,35
"Tenterfield Terrier",51,44,29,36,35,49,44,48
"List of turkey breeds",29,31,41,49,44,37,36,67
"Breeding back",39,46,49,30,43,37,49,37
"Polish Hound",28,43,35,41,43,59,43,35
"Brittany (dog)",39,51,26,42,42,30,61,33
"Kaikadi (dog)",44,39,36,29,50,28,59,39
"Black Norwegian Elkhound",37,37,39,35,39,47,44,44
"Basset Artésien Normand",61,31,37,42,53,26,42,29
"Brazilian Terrier",45,42,31,35,42,45,39,42
"Cimarrón Uruguayo",39,42,32,34,36,47,48,43
"Austrian Black and Tan Hound",52,47,29,38,38,28,44,41
"Dogue Brasileiro",41,34,36,40,45,34,48,39
"Old Croatian Sighthound",42,31,26,28,44,40,60,45
"2007 pet food recalls",51,47,39,28,38,30,45,34
"Welsh Hound",47,35,33,35,46,28,39,46
"Southern Hound",44,28,34,48,37,41,30,46
"Lupo Italiano",53,43,35,36,19,32,40,49
"Northern Inuit Dog",38,41,36,31,42,43,37,39
"Swedish Lapphund",54,38,27,42,25,36,50,35
"Alaskan Husky",38,37,34,23,45,47,48,34
"Balancing selection",27,46,52,57,30,34,34,26
"Dog skin disorders",32,53,46,24,44,41,31,33
"Campeiro Bulldog",41,46,31,26,36,36,42,44
"Zerdava",42,40,28,24,44,37,48,39
"Baiting (blood sport)",42,39,32,29,49,33,32,45
"Breeder",28,34,32,32,46,46,42,40
"German Hound",47,35,36,42,38,36,29,37
"Lobito Herreño",29,25,23,27,22,31,60,83
"Dog licence",32,41,37,48,35,41,36,29
"French Spaniel",41,36,30,35,33,37,46,41
"Outcrossing",28,39,40,49,30,37,31,45
"Rastreador Brasileiro",43,34,41,38,32,40,36,35
"Breed standard",30,43,34,39,40,40,33,36
"Body language of dogs",45,43,30,52,40,25,38,21
"Dumfriesshire hound",49,34,27,41,31,33,41,36
"Selective sweep",30,47,30,31,41,27,38,48
"Segugio Italiano",38,41,34,34,35,35,36,37
"Assyrian Mastiff",39,30,24,43,59,33,21,38
"Drever",28,50,38,33,25,35,46,27
"North Country Beagle",41,29,38,44,27,42,26,34
"Wetterhoun",45,38,35,27,30,38,41,26
"Old Spanish Pointer",48,32,32,33,34,32,32,36
"Kunming dog",38,41,28,30,33,29,33,42
"List of strawberry cultivars",45,44,27,27,30,39,32,30
"Majorca Shepherd Dog",54,20,31,28,36,30,39,35
"Blue Picardy Spaniel",45,31,33,35,35,31,28,34
"Croatian Sheepdog",23,40,32,35,42,26,42,29
"Cão de Gado Transmontano",24,47,37,30,27,35,36,33
"Český fousek",27,32,28,27,26,35,46,43
"Serbian Hound",38,34,26,25,43,29,35,33
"Housebreaking",33,32,32,38,31,26,35,34
"Vikhan",32,30,30,32,39,32,34,31
"List of sweetcorn varieties",33,38,53,29,31,32,27,15
"Tibetan Kyi Apso",30,34,33,30,44,25,30,32
"Worldwide usage of police dogs",26,33,48,42,20,36,17,36
"Norrbottenspets",31,38,22,32,34,34,38,25
"Anglo-Français de Petite Vénerie",22,44,21,26,43,31,26,37
"Drentse Patrijshond",35,32,40,16,30,29,32,36
"Can de Palleiro",27,33,29,28,34,28,44,25
"Cumberland Sheepdog",40,21,30,30,36,29,27,35
"Slovak Rough-haired Pointer",45,34,22,23,28,22,33,41
"Toy Trawler Spaniel",28,27,32,28,36,27,30,39
"Levriero Sardo",24,27,26,24,35,29,42,39
"Artois Hound",38,35,25,38,28,23,34,22
"Dog walking",19,52,30,36,25,28,26,27
"East Siberian Laika",28,36,40,20,24,25,41,29
"Russo-European Laika",44,30,26,23,30,33,27,30
"Sinhala Hound",35,25,29,31,22,34,30,37
"Slovak Cuvac",35,38,25,32,22,22,32,37
"Kars dog",22,21,33,29,43,27,34,32
"Ryukyu dog",35,32,32,33,29,15,32,32
"Basset",29,29,28,25,36,29,35,28
"Lists of cultivars",22,31,36,35,33,29,32,21
"Limer",22,25,28,33,27,29,25,47
"Crate training",34,28,22,30,30,27,24,39
"Kerry Beagle",37,33,24,40,27,27,23,23
"Buckhound",35,32,30,20,26,34,29,24
"Marker-assisted selection",34,35,28,31,29,27,16,29
"Donggyeongi",34,38,27,20,39,16,28,26
"Negative selection (natural selection)",15,37,27,30,35,28,22,31
"Ariège Pointer",33,32,21,31,29,24,25,28
"Picardy Spaniel",27,27,37,28,24,31,25,22
"Tyrolean Hound",37,24,22,32,23,21,34,25
"Grand Griffon Vendéen",31,29,25,26,26,16,34,30
"Norfolk Spaniel",20,21,36,32,35,17,23,33
"Perro Majorero",28,35,28,27,26,28,24,18
"Posavac Hound",20,28,23,28,26,29,32,28
"Braque du Bourbonnais",25,36,26,19,31,21,28,26
"Xiasi Dog",33,22,19,19,33,34,23,29
"Estonian Hound",33,22,24,22,23,33,34,20
"Sardinian Shepherd Dog",26,27,26,24,17,31,32,28
"Castro Laboreiro Dog",20,36,22,18,24,21,26,43
"Danish Spitz",30,28,25,25,26,20,24,31
"Barbado da Terceira",25,33,29,21,29,14,29,26
"Dog park",24,25,31,36,20,32,20,18
"Pastor Garafiano",25,23,19,14,19,38,25,43
"Finnish Hound",23,20,21,32,24,22,33,30
"Bruno Jura Hound",28,36,19,18,23,24,26,29
"Chien-gris",33,21,26,23,23,26,22,29
"Karelo-Finnish Laika",25,30,28,24,13,23,39,20
"Russkiy Toy",27,24,25,27,25,23,31,20
"Bay dog",27,24,19,29,23,19,20,40
"Hearing dog",21,27,28,28,20,21,27,28
"Chilean Terrier",30,27,13,16,36,25,21,29
"Dog daycare",25,34,31,32,27,18,16,14
"Rache",30,21,21,29,29,25,18,24
"Serbian Tricolour Hound",25,19,22,22,24,26,26,33
"Montenegrin Mountain Hound",17,19,22,25,30,22,35,25
"Segugio Maremmano",20,23,14,24,24,35,22,32
"Burgos Pointer",26,34,14,23,21,22,29,24
"Gascon Saintongeois",28,34,19,19,24,22,27,19
"Schapendoes",29,34,26,19,19,27,22,16
"Griffon Fauve de Bretagne",26,29,18,25,25,32,20,16
"Westphalian Dachsbracke",27,25,22,24,28,20,25,20
"Braque d'Auvergne",26,33,13,14,25,29,24,26
"Lucas Terrier",27,26,22,18,17,20,33,27
"Dalbo dog",26,22,34,22,25,21,14,25
"Treeing Cur",32,19,17,24,24,23,21,29
"List of basil cultivars",25,20,22,17,20,27,25,32
"Old Danish Pointer",25,20,18,14,34,18,33,25
"Terceira Mastiff",25,27,20,31,24,12,23,23
"Welsh Hillman",33,17,21,20,21,21,23,29
"Magyar Agár",26,16,26,30,15,19,31,21
"Marquesan Dog",22,19,28,18,32,17,20,26
"Autism assistance dog",14,28,37,21,18,22,25,16
"Portuguese Pointer",26,26,19,25,21,23,20,21
"Briquet Griffon Vendéen",26,17,23,18,34,16,25,21
"Porcelaine",33,26,13,17,24,20,20,27
"Portuguese Sheepdog",19,26,17,21,26,17,28,26
"Istrian Shorthaired Hound",19,18,36,11,25,15,24,31
"Braque Dupuy",31,24,21,17,19,24,19,22
"Gaucho sheepdog",28,17,24,18,23,23,19,25
"Dunker",22,17,23,17,18,27,26,26
"Griffon Bleu de Gascogne",26,23,15,16,27,21,25,23
"Hamiltonstövare",24,35,28,16,19,15,21,17
"Psychiatric assistance dog",14,22,36,22,12,19,25,25
"Ca Rater Mallorquí",24,28,13,11,23,17,20,33
"Sarasota Herald-Tribune",11,10,17,21,36,27,30,17
"Lài dog",17,27,19,18,17,23,20,27
"Pachón Navarro",20,20,16,15,25,25,21,26
"Dwarfing",19,36,24,15,13,24,18,17
"Hällefors Elkhound",26,24,17,22,17,22,14,23
"Maneto",32,26,10,19,14,15,28,21
"Ariégeois",14,24,18,18,21,19,28,22
"Jeju dog",24,20,15,15,22,21,26,14
"Lithuanian Hound",16,23,15,25,11,30,20,17
"Griffon Nivernais",19,25,11,16,21,25,23,16
"Breeding program",18,16,17,14,29,26,12,22
"List of onion cultivars",9,22,27,18,15,21,23,19
"Slovenský kopov",27,29,17,20,19,15,14,13
"Seizure response dog",27,18,10,14,20,24,27,13
"Braque Saint-Germain",31,28,13,13,16,11,18,20
"Cane Paratore",17,26,12,21,19,9,19,27
"Sleuth hound",20,21,16,19,18,17,21,17
"Schweizerischer Niederlaufhund",21,33,19,13,12,8,21,19
"Grand Fauve de Bretagne",30,15,20,17,16,17,15,15
"Lapponian Shepherd",16,18,17,18,17,18,15,24
"Molossus of Epirus",24,13,14,13,23,16,21,18
"Pastore della Lessinia e del Lagorai",20,15,15,18,18,15,21,20
"Cantabrian Water Dog",22,28,12,16,17,14,12,20
"List of Canna cultivars",23,11,24,7,17,17,18,23
"Recessive trait",26,18,17,15,18,17,18,11
"Valencian Terrier",18,21,4,11,17,20,30,19
"Bulgarian Scenthound",12,24,14,16,21,18,13,21
"Sabueso Español",20,14,20,20,9,20,17,19
"Dikkulak",14,21,17,12,12,19,24,18
"Kamchatka Sled Dog",18,7,16,20,17,21,18,19
"King's White Hound",18,19,16,16,11,19,15,22
"Norman Hound",14,10,17,22,25,15,18,15
"Schillerstövare",22,13,6,16,23,15,23,18
"Tarsus çatalburun",16,22,16,17,9,19,20,17
"Villano de Las Encartaciones",19,27,17,14,18,10,17,14
"Cynanthropy",25,11,17,18,20,14,14,16
"Schweizer Laufhund",20,21,17,16,12,15,23,11
"German Roughhaired Pointer",23,13,23,16,18,17,13,11
"Bulgarian Hound",15,29,12,11,17,17,13,17
"Istrian Coarse-haired Hound",18,11,13,15,19,8,32,15
"Armant (dog)",8,24,15,17,19,9,22,14
"Dog biscuit",9,17,13,19,19,12,18,20
"Ca Mè Mallorquí",19,20,13,16,18,9,15,16
"Faroese Sheepdog",20,16,16,19,14,12,15,14
"Medical response dog",14,12,8,22,17,15,22,14
"Colombian Fino Hound",25,19,8,10,19,9,16,16
"List of Japanese apple cultivars",13,24,8,14,12,12,23,16
"Patagonian Sheepdog",26,8,10,12,15,15,18,18
"Pont-Audemer Spaniel",17,16,25,10,9,17,14,14
"Podenco Valenciano",22,17,9,18,11,16,4,22
"Liangshan Dog",20,16,11,13,14,16,16,12
"Erbi Txakur",19,17,16,11,15,10,15,13
"Pampas Deerhound",14,11,12,16,19,14,11,17
"Grand Anglo-Français Blanc et Noir",22,14,11,10,11,16,15,14
"Rare breed",14,22,14,8,16,9,14,16
"Smaland Hound",7,26,6,11,12,16,21,14
"Petit Bleu de Gascogne",20,7,16,18,10,17,13,11
"Stephens Stock",10,13,17,19,11,6,15,20
"Selection methods in plant breeding based on mode of reproduction",18,8,12,7,21,17,13,14
"Styrian Coarse-haired Hound",12,12,10,11,18,14,18,15
"Breeding pair",16,14,12,12,14,9,10,22
"Dog theft",9,17,10,17,15,12,14,14
"Tonya Finosu",20,10,12,13,10,13,19,11
"Chien Français Blanc et Noir",13,15,8,12,16,11,16,12
"Segugio dell'Appennino",11,9,7,14,6,17,14,25
"Old Welsh Grey Sheepdog",15,9,14,13,22,5,13,11
"Sporting Lucas Terrier",15,12,9,13,13,15,8,17
"Grand Anglo-Français Tricolore",18,14,8,11,14,13,12,10
"Citrus hybrid",11,9,9,9,13,14,16,15
"Denmark Feist",7,13,17,12,15,11,11,9
"Mahratta Hound",7,12,9,11,15,7,10,19
"King Shepherd",7,10,8,20,12,5,13,14
"Can de Chira",14,16,9,9,10,5,15,10
"West Country Harrier",20,12,10,11,12,11,9,3
"Dogo Sardesco",10,13,13,5,14,9,13,9
"Ecuadorian Hairless Dog",7,13,12,8,18,7,10,10
"Chien Français Blanc et Orange",11,13,7,3,14,11,15,10
"Cane di Oropa",8,12,9,6,14,9,18,7
"Grand Anglo-Français Blanc et Orange",11,13,10,6,10,12,12,9
"List of Venus flytrap cultivars",13,5,9,6,8,21,7,14
"Perdigueiro Galego",10,10,6,7,11,10,11,17
"Small Međimurje Dog",14,9,6,4,9,9,12,19
"List of Award of Garden Merit roses",8,11,10,8,5,13,10,15
"Rize Koyun",16,11,9,5,11,5,11,10
"St. Hubert Jura Hound",13,12,9,10,11,7,6,10
"Hygen Hound",21,12,9,7,7,8,5,7
"Halden Hound",11,11,9,5,6,13,11,6
"Conformation (dog)",9,13,8,10,4,12,9,6
"Poitevin hound",8,15,10,9,9,6,6,8
"Chien Français Tricolore",8,11,5,1,13,11,12,9
"Mountain Feist",11,9,10,8,8,6,9,9
"Category:Use dmy dates from July 2022",8,11,13,10,6,8,5,9
"Category:Dogs",10,11,12,9,8,5,5,8
"Lists of dogs",8,15,8,12,7,11,4,2
"Villanuco de Las Encartaciones",8,10,5,3,16,10,8,6
"List of cherimoya cultivars",13,10,2,5,9,9,12,5
"Breeder (animal)",4,7,4,5,17,8,12,7
"Briquet de Provence",10,8,8,4,11,5,9,9
"Mobility assistance dog",6,10,9,7,8,8,7,8
"Khala (dog breed)",6,9,4,11,10,5,8,9
"Socialization of animals",5,5,12,12,8,8,5,7
"List of Narcissus horticultural divisions",5,6,6,10,9,9,6,10
"Saint-Usuge Spaniel",5,6,6,2,5,14,11,12
"Ratonero Murciano",8,7,3,6,8,11,12,5
"Spino degli Iblei",11,9,5,6,4,7,8,8
"Trigg Hound",8,5,3,8,10,7,7,10
"Český strakatý pes",3,10,9,7,10,3,8,5
"Backyard breeder",6,7,8,8,9,9,4,3
"Preservation breeding",9,7,7,6,8,9,4,3
"List of rose breeders",4,7,5,8,7,7,6,8
"Volkosob",12,6,4,6,5,9,5,3
"Tree breeding",3,9,3,5,9,5,8,5
"Kintamani (dog)",3,10,1,7,9,4,5,6
"Mackenzie River Husky",4,8,4,6,7,3,2,9
"Shiloh Shepherd",7,4,4,1,5,8,4,2
"Codominance",4,6,3,3,2,1,1,5
"David Alderton",4,5,1,3,5,3,3,0
"Template:Domestic dog",5,3,1,4,1,1,3,2
"List of Callistemon cultivars",2,0,3,8,1,2,1,2
"CreateSpace Independent Publishing Platform",5,3,0,3,1,3,0,3
"List of Nepenthes cultivars",8,1,2,0,3,0,3,1
"BigThink",5,2,1,3,3,2,1,0
"List of Grevillea cultivars",5,3,1,2,3,0,1,2
"Designer breed",3,2,2,1,3,1,2,2
"List of Gazania cultivars",0,1,3,1,1,1,1,3
"Template talk:Domestic dog",2,3,0,2,1,0,3,0
"Designer crossbreed",1,0,3,2,1,1,0,2
"List of citrus hybrids and cultivars",2,0,0,1,0,2,4,1
"Science/AAAS",1,3,0,0,2,1,0,2
"Animal testing on dogs",1,1,1,2,0,0,0,1
"List of Nemesia cultivars",0,0,0,0,2,0,0,3
"Template:Breed",0,0,0,2,0,0,0,0
"Template talk:Breed",0,0,0,0,0,0,1,1
